{"cameraMode":{"drawMode":0,"name":"Shaded","section":"Shading Mode"},"sceneLighting":false,"audioPlay":false,"sceneViewState":{"showFog":true,"showMaterialUpdate":false,"showSkybox":false,"showFlares":true,"showImageEffects":true,"showParticleSystems":true},"in2DMode":false,"pivot":{"x":0.19999998807907105,"y":0.0,"z":0.19999998807907105},"rotation":{"x":-0.1553063541650772,"y":-0.7653323411941528,"z":0.20098283886909486,"w":-0.5913985967636108},"size":1.7384366989135743,"orthographic":false}