{"cameraMode":{"drawMode":0,"name":"Shaded","section":"Shading Mode"},"sceneLighting":false,"audioPlay":false,"sceneViewState":{"showFog":true,"showMaterialUpdate":false,"showSkybox":false,"showFlares":true,"showImageEffects":true,"showParticleSystems":true},"in2DMode":false,"pivot":{"x":0.20000001788139344,"y":0.0,"z":0.19999998807907105},"rotation":{"x":0.24758945405483247,"y":-0.7404537200927734,"z":0.3579633831977844,"w":0.5121425986289978},"size":1.784747838973999,"orthographic":false}