{"cameraMode":{"drawMode":0,"name":"Shaded","section":"Shading Mode"},"sceneLighting":false,"audioPlay":false,"sceneViewState":{"showFog":true,"showMaterialUpdate":false,"showSkybox":false,"showFlares":true,"showImageEffects":true,"showParticleSystems":true},"in2DMode":false,"pivot":{"x":0.12000000476837158,"y":0.009999997913837433,"z":-0.38499996066093447},"rotation":{"x":-0.07964786142110825,"y":0.6927409172058106,"z":-0.07742980122566223,"w":-0.7125805020332336},"size":0.42868268489837649,"orthographic":false}